free,Positivo
like,Positivo
top,Positivo
work,Positivo
available,Positivo
support,Positivo
best,Positivo
good,Positivo
well,Positivo
great,Positivo
right,Positivo
love,Positivo
advanced,Positivo
hot,Positivo
better,Positivo
important,Positivo
easy,Positivo
popular,Positivo
welcome,Positivo
fun,Positivo
gold,Positivo
works,Positivo
fast,Positivo
clear,Positivo
protection,Positivo
beauty,Positivo
enough,Positivo
benefits,Positivo
effective,Positivo
mature,Positivo
fine,Positivo
appropriate,Positivo
nice,Positivo
lead,Positivo
super,Positivo
win,Positivo
friendly,Positivo
happy,Positivo
thank,Positivo
safe,Positivo
ready,Positivo
secure,Positivo
favorite,Positivo
master,Positivo
improve,Positivo
strong,Positivo
excellent,Positivo
perfect,Positivo
classic,Positivo
award,Positivo
success,Positivo
beautiful,Positivo
significant,Positivo
useful,Positivo
modern,Positivo
sexy,Positivo
grand,Positivo
cool,Positivo
leading,Positivo
positive,Positivo
trust,Positivo
recommended,Positivo
pretty,Positivo
awards,Positivo
enjoy,Positivo
variety,Positivo
fair,Positivo
respect,Positivo
worth,Positivo
peace,Positivo
creative,Positivo
benefit,Positivo
progress,Positivo
led,Positivo
interesting,Positivo
helpful,Positivo
clean,Positivo
correct,Positivo
successful,Positivo
patient,Positivo
recommend,Positivo
guarantee,Positivo
soft,Positivo
interests,Positivo
supported,Positivo
saint,Positivo
freedom,Positivo
fresh,Positivo
worked,Positivo
recovery,Positivo
integrated,Positivo
comprehensive,Positivo
protect,Positivo
solid,Positivo
rich,Positivo
improvement,Positivo
magic,Positivo
smart,Positivo
faith,Positivo
recommendations,Positivo
approval,Positivo
golden,Positivo
portable,Positivo
dedicated,Positivo
powerful,Positivo
advantage,Positivo
savings,Positivo
winning,Positivo
clearly,Positivo
sweet,Positivo
gain,Positivo
faster,Positivo
intelligence,Positivo
compatible,Positivo
leads,Positivo
healthy,Positivo
won,Positivo
famous,Positivo
fans,Positivo
dynamic,Positivo
supports,Positivo
wonderful,Positivo
proper,Positivo
comfort,Positivo
appeal,Positivo
bonus,Positivo
improved,Positivo
luxury,Positivo
easier,Positivo
amazing,Positivo
reasonable,Positivo
relief,Positivo
ideal,Positivo
greatest,Positivo
competitive,Positivo
compact,Positivo
angel,Positivo
accurate,Positivo
sharp,Positivo
supporting,Positivo
helping,Positivo
unlimited,Positivo
holy,Positivo
guidance,Positivo
efficient,Positivo
commitment,Positivo
pure,Positivo
wonder,Positivo
qualified,Positivo
reform,Positivo
confidence,Positivo
warm,Positivo
consistent,Positivo
enhance,Positivo
supreme,Positivo
encourage,Positivo
winner,Positivo
affordable,Positivo
outstanding,Positivo
properly,Positivo
helped,Positivo
premier,Positivo
suitable,Positivo
sufficient,Positivo
contribution,Positivo
reliable,Positivo
heaven,Positivo
bargain,Positivo
spiritual,Positivo
wow,Positivo
flexible,Positivo
loved,Positivo
superior,Positivo
comfortable,Positivo
effectively,Positivo
bright,Positivo
rapid,Positivo
sensitive,Positivo
improvements,Positivo
accessible,Positivo
regard,Positivo
smooth,Positivo
willing,Positivo
sustainable,Positivo
innovation,Positivo
stable,Positivo
enhanced,Positivo
stainless,Positivo
humor,Positivo
successfully,Positivo
recommendation,Positivo
cute,Positivo
improving,Positivo
innovative,Positivo
grace,Positivo
valuable,Positivo
fantastic,Positivo
proud,Positivo
liberty,Positivo
exciting,Positivo
pleasure,Positivo
honor,Positivo
quiet,Positivo
luck,Positivo
capable,Positivo
victory,Positivo
joy,Positivo
prize,Positivo
promise,Positivo
prefer,Positivo
skill,Positivo
progressive,Positivo
awarded,Positivo
masters,Positivo
awesome,Positivo
winners,Positivo
adequate,Positivo
effectiveness,Positivo
sublime,Positivo
satisfied,Positivo
glad,Positivo
wins,Positivo
trusted,Positivo
stability,Positivo
pride,Positivo
champion,Positivo
excellence,Positivo
survival,Positivo
fairly,Positivo
intelligent,Positivo
excel,Positivo
lucky,Positivo
ease,Positivo
appreciate,Positivo
lovely,Positivo
smile,Positivo
boost,Positivo
tough,Positivo
capability,Positivo
passion,Positivo
refund,Positivo
wise,Positivo
correctly,Positivo
pleased,Positivo
genuine,Positivo
paradise,Positivo
glory,Positivo
exceed,Positivo
romantic,Positivo
proven,Positivo
achievement,Positivo
enjoyed,Positivo
convenient,Positivo
silent,Positivo
talent,Positivo
flexibility,Positivo
wisdom,Positivo
elite,Positivo
noble,Positivo
advantages,Positivo
loves,Positivo
personalized,Positivo
hero,Positivo
dawn,Positivo
convenience,Positivo
refine,Positivo
attraction,Positivo
assurance,Positivo
favor,Positivo
attractive,Positivo
tops,Positivo
adjustable,Positivo
pleasant,Positivo
cooperative,Positivo
cleaner,Positivo
facilitate,Positivo
liked,Positivo
incredible,Positivo
honest,Positivo
reputation,Positivo
logical,Positivo
fame,Positivo
protective,Positivo
fortune,Positivo
perfectly,Positivo
instantly,Positivo
ethical,Positivo
spectacular,Positivo
charm,Positivo
afford,Positivo
optimal,Positivo
brilliant,Positivo
saver,Positivo
redeem,Positivo
authentic,Positivo
loving,Positivo
elegant,Positivo
gains,Positivo
cure,Positivo
celebration,Positivo
likes,Positivo
stylish,Positivo
finest,Positivo
excited,Positivo
recover,Positivo
balanced,Positivo
timely,Positivo
exceptional,Positivo
prompt,Positivo
precious,Positivo
qualify,Positivo
divine,Positivo
approve,Positivo
enhancement,Positivo
oasis,Positivo
lover,Positivo
gained,Positivo
sophisticated,Positivo
stronger,Positivo
satisfy,Positivo
celebrate,Positivo
impressive,Positivo
cheapest,Positivo
tender,Positivo
praise,Positivo
realistic,Positivo
integral,Positivo
cheaper,Positivo
fancy,Positivo
unity,Positivo
reasonably,Positivo
treasure,Positivo
extraordinary,Positivo
hottest,Positivo
inspiration,Positivo
stunning,Positivo
fastest,Positivo
pros,Positivo
renaissance,Positivo
steady,Positivo
assure,Positivo
decent,Positivo
happiness,Positivo
handy,Positivo
accomplished,Positivo
gorgeous,Positivo
superb,Positivo
transparent,Positivo
boom,Positivo
calm,Positivo
appreciated,Positivo
skilled,Positivo
harmony,Positivo
distinguished,Positivo
reward,Positivo
advocate,Positivo
precise,Positivo
succeed,Positivo
confident,Positivo
delicious,Positivo
safely,Positivo
durable,Positivo
consistently,Positivo
providence,Positivo
mighty,Positivo
clarity,Positivo
encouraging,Positivo
beneficial,Positivo
promised,Positivo
robust,Positivo
fabulous,Positivo
remarkable,Positivo
productive,Positivo
compliant,Positivo
rational,Positivo
gentle,Positivo
worthy,Positivo
defeat,Positivo
distinction,Positivo
sustainability,Positivo
mercy,Positivo
readily,Positivo
satisfactory,Positivo
revolutionary,Positivo
remedy,Positivo
genius,Positivo
meaningful,Positivo
instrumental,Positivo
congratulations,Positivo
enjoying,Positivo
promises,Positivo
accurately,Positivo
impressed,Positivo
merit,Positivo
prominent,Positivo
lean,Positivo
reforms,Positivo
merry,Positivo
complement,Positivo
courage,Positivo
efficiently,Positivo
entertaining,Positivo
peaceful,Positivo
scenic,Positivo
lighter,Positivo
talented,Positivo
precisely,Positivo
refined,Positivo
gem,Positivo
cleared,Positivo
accomplish,Positivo
striking,Positivo
continuity,Positivo
restored,Positivo
charitable,Positivo
privilege,Positivo
prefers,Positivo
grateful,Positivo
desirable,Positivo
shine,Positivo
simplified,Positivo
swift,Positivo
magical,Positivo
miracle,Positivo
marvel,Positivo
intimate,Positivo
keen,Positivo
adaptive,Positivo
destiny,Positivo
generous,Positivo
fascinating,Positivo
selective,Positivo
educated,Positivo
delight,Positivo
survivor,Positivo
achievements,Positivo
idol,Positivo
charming,Positivo
complimentary,Positivo
endorsed,Positivo
bless,Positivo
engaging,Positivo
triumph,Positivo
polished,Positivo
bloom,Positivo
motivated,Positivo
securely,Positivo
revelation,Positivo
feat,Positivo
endorsement,Positivo
glow,Positivo
magnificent,Positivo
promptly,Positivo
excitement,Positivo
novelty,Positivo
promising,Positivo
brave,Positivo
favour,Positivo
inexpensive,Positivo
refresh,Positivo
legendary,Positivo
beautifully,Positivo
virtue,Positivo
restructuring,Positivo
sufficiently,Positivo
issues,Negativo
problem,Negativo
hard,Negativo
issue,Negativo
problems,Negativo
limited,Negativo
mar,Negativo
cheap,Negativo
bad,Negativo
risk,Negativo
error,Negativo
death,Negativo
loss,Negativo
lost,Negativo
object,Negativo
fall,Negativo
cancer,Negativo
warning,Negativo
rape,Negativo
debt,Negativo
break,Negativo
dark,Negativo
wrong,Negativo
fat,Negativo
dead,Negativo
unknown,Negativo
poor,Negativo
fucking,Negativo
fiction,Negativo
complex,Negativo
die,Negativo
critical,Negativo
emergency,Negativo
difficult,Negativo
pain,Negativo
waste,Negativo
cold,Negativo
crime,Negativo
wild,Negativo
miss,Negativo
bug,Negativo
fuck,Negativo
limit,Negativo
errors,Negativo
bondage,Negativo
virus,Negativo
abuse,Negativo
died,Negativo
attack,Negativo
sorry,Negativo
damage,Negativo
failure,Negativo
funny,Negativo
criminal,Negativo
false,Negativo
falls,Negativo
miscellaneous,Negativo
vice,Negativo
lack,Negativo
broken,Negativo
blow,Negativo
failed,Negativo
negative,Negativo
injury,Negativo
fail,Negativo
shemale,Negativo
breaking,Negativo
static,Negativo
concerns,Negativo
toll,Negativo
fear,Negativo
slow,Negativo
liability,Negativo
stress,Negativo
evil,Negativo
concerned,Negativo
dick,Negativo
noise,Negativo
kill,Negativo
conflict,Negativo
concern,Negativo
trouble,Negativo
lose,Negativo
cheats,Negativo
killed,Negativo
disabled,Negativo
crazy,Negativo
hell,Negativo
suck,Negativo
tank,Negativo
limits,Negativo
delay,Negativo
pan,Negativo
hate,Negativo
illegal,Negativo
doubt,Negativo
unable,Negativo
attacks,Negativo
resistance,Negativo
symptoms,Negativo
split,Negativo
crisis,Negativo
poverty,Negativo
mystery,Negativo
risks,Negativo
plot,Negativo
strike,Negativo
threat,Negativo
missed,Negativo
strange,Negativo
severe,Negativo
sin,Negativo
expensive,Negativo
monster,Negativo
bugs,Negativo
rail,Negativo
disaster,Negativo
alarm,Negativo
worst,Negativo
dangerous,Negativo
unfortunately,Negativo
crack,Negativo
smoke,Negativo
blind,Negativo
mad,Negativo
gross,Negativo
terrorism,Negativo
lies,Negativo
dirty,Negativo
breaks,Negativo
sick,Negativo
prison,Negativo
desert,Negativo
worse,Negativo
burning,Negativo
impossible,Negativo
depression,Negativo
fraud,Negativo
crash,Negativo
infection,Negativo
fell,Negativo
murder,Negativo
dust,Negativo
losses,Negativo
conservative,Negativo
shock,Negativo
absence,Negativo
violation,Negativo
cloudy,Negativo
ignore,Negativo
stupid,Negativo
enemy,Negativo
shit,Negativo
restricted,Negativo
syndrome,Negativo
penalty,Negativo
complaint,Negativo
chronic,Negativo
burn,Negativo
lie,Negativo
damages,Negativo
complaints,Negativo
weak,Negativo
worry,Negativo
discrimination,Negativo
danger,Negativo
bs,Negativo
fault,Negativo
sad,Negativo
slowly,Negativo
hurt,Negativo
devil,Negativo
limitations,Negativo
losing,Negativo
loose,Negativo
illness,Negativo
jam,Negativo
unusual,Negativo
destruction,Negativo
disorder,Negativo
falling,Negativo
difficulty,Negativo
punk,Negativo
torture,Negativo
opposition,Negativo
liable,Negativo
killing,Negativo
fails,Negativo
terror,Negativo
odd,Negativo
cry,Negativo
rough,Negativo
weird,Negativo
decline,Negativo
cloud,Negativo
knife,Negativo
denied,Negativo
dispute,Negativo
tired,Negativo
adverse,Negativo
hazardous,Negativo
sue,Negativo
hang,Negativo
damn,Negativo
suicide,Negativo
criticism,Negativo
afraid,Negativo
mistake,Negativo
killer,Negativo
slave,Negativo
struggle,Negativo
suffering,Negativo
guilty,Negativo
violent,Negativo
drunk,Negativo
broke,Negativo
difficulties,Negativo
rocky,Negativo
strictly,Negativo
critics,Negativo
fake,Negativo
bomb,Negativo
harm,Negativo
assault,Negativo
cheat,Negativo
suspect,Negativo
threats,Negativo
damaged,Negativo
destroy,Negativo
offensive,Negativo
burden,Negativo
delayed,Negativo
anxiety,Negativo
unavailable,Negativo
burns,Negativo
slut,Negativo
isolated,Negativo
desperate,Negativo
refused,Negativo
delays,Negativo
undefined,Negativo
angry,Negativo
frozen,Negativo
strain,Negativo
drag,Negativo
dying,Negativo
stuck,Negativo
lemon,Negativo
toxic,Negativo
darkness,Negativo
joke,Negativo
rejected,Negativo
challenging,Negativo
bias,Negativo
suffer,Negativo
invalid,Negativo
chaos,Negativo
confused,Negativo
loud,Negativo
corruption,Negativo
terrible,Negativo
fever,Negativo
hung,Negativo
radical,Negativo
tanks,Negativo
limitation,Negativo
struck,Negativo
sluts,Negativo
complicated,Negativo
collapse,Negativo
unlikely,Negativo
conflicts,Negativo
infected,Negativo
incorrect,Negativo
bitch,Negativo
infections,Negativo
lying,Negativo
strict,Negativo
threesome,Negativo
protest,Negativo
trick,Negativo
intense,Negativo
dirt,Negativo
blame,Negativo
suffered,Negativo
mistakes,Negativo
sink,Negativo
proprietary,Negativo
disagree,Negativo
hazard,Negativo
anger,Negativo
bizarre,Negativo
nervous,Negativo
refuse,Negativo
inappropriate,Negativo
exhaust,Negativo
rip,Negativo
confusion,Negativo
sucks,Negativo
vulnerable,Negativo
fallen,Negativo
sap,Negativo
cave,Negativo
disable,Negativo
trap,Negativo
lonely,Negativo
fool,Negativo
dies,Negativo
scratch,Negativo
nasty,Negativo
ugly,Negativo
mistress,Negativo
aggressive,Negativo
stolen,Negativo
disturbed,Negativo
fist,Negativo
cons,Negativo
restriction,Negativo
worn,Negativo
twist,Negativo
deny,Negativo
defects,Negativo
breakdown,Negativo
crap,Negativo
tension,Negativo
trash,Negativo
pig,Negativo
mess,Negativo
isolation,Negativo
dump,Negativo
incomplete,Negativo
excessive,Negativo
unexpected,Negativo
punch,Negativo
naughty,Negativo
shake,Negativo
silly,Negativo
shame,Negativo
fatal,Negativo
retreat,Negativo
failing,Negativo
invisible,Negativo
urgent,Negativo
revenge,Negativo
enemies,Negativo
smell,Negativo
pest,Negativo
worried,Negativo
garbage,Negativo
boring,Negativo
hack,Negativo
wicked,Negativo
kills,Negativo
junk,Negativo
failures,Negativo
conspiracy,Negativo
allergy,Negativo
twisted,Negativo
arbitrary,Negativo
drain,Negativo
panic,Negativo
excuse,Negativo
reject,Negativo
passive,Negativo
regression,Negativo
rage,Negativo
steal,Negativo
fears,Negativo
horrible,Negativo
interference,Negativo
denial,Negativo
doom,Negativo
myth,Negativo
weed,Negativo
craps,Negativo
frost,Negativo
breach,Negativo
idle,Negativo
shark,Negativo
opponent,Negativo
deviation,Negativo
wound,Negativo
lazy,Negativo
gossip,Negativo
deaf,Negativo
blah,Negativo
deadly,Negativo
cunt,Negativo
exclusion,Negativo
sticky,Negativo
madness,Negativo
brutal,Negativo
expired,Negativo
pale,Negativo
impaired,Negativo
stranger,Negativo
tragedy,Negativo
painful,Negativo
funky,Negativo
dim,Negativo
scary,Negativo
bloody,Negativo
annoying,Negativo
upset,Negativo
restrict,Negativo
elimination,Negativo
freeze,Negativo
unnecessary,Negativo
bleeding,Negativo
contamination,Negativo
controversial,Negativo
trauma,Negativo
defensive,Negativo
forbidden,Negativo
spank,Negativo
dumb,Negativo
hollow,Negativo
fatty,Negativo
harmful,Negativo
warned,Negativo
badly,Negativo
disappointed,Negativo
foul,Negativo
mysterious,Negativo
fuzzy,Negativo
dense,Negativo
awful,Negativo
nightmare,Negativo
impose,Negativo
savage,Negativo
harassment,Negativo
whore,Negativo
knock,Negativo
lone,Negativo
controversy,Negativo
threatening,Negativo
prisoner,Negativo
crude,Negativo
bored,Negativo
bother,Negativo
scared,Negativo
infringement,Negativo
bent,Negativo